consent.started,consent.stopped,consent1_next.keys,consent1_next.rt,consent1_next.duration,participant,session,date,expName,psychopyVersion,OS,frameRate,PROLIFIC_PID,STUDY_ID,SESSION_ID,consent2.started,consent2.stopped,consent1_next_2.keys,consent1_next_2.rt,consent1_next_2.duration,questionnaire_start.started,questionnaire_start.stopped,PSWQ1.started,PSWQ1.stopped,key_resp_3.keys,key_resp_3.rt,key_resp_3.duration,PSWQ2.started,PSWQ2.stopped,key_resp_13.keys,key_resp_13.rt,key_resp_13.duration,PSWQ3.started,PSWQ3.stopped,key_resp_14.keys,key_resp_14.rt,key_resp_14.duration,PSWQ4.started,PSWQ4.stopped,key_resp_15.keys,key_resp_15.rt,key_resp_15.duration,PSWQ5.started,PSWQ5.stopped,key_resp_16.keys,key_resp_16.rt,key_resp_16.duration,PSWQ6.started,PSWQ6.stopped,key_resp_25.keys,key_resp_25.rt,key_resp_25.duration,PSWQ7.started,PSWQ7.stopped,key_resp_26.keys,key_resp_26.rt,key_resp_26.duration,PSWQ8.started,PSWQ8.stopped,key_resp_27.keys,key_resp_27.rt,key_resp_27.duration,PSWQ9.started,PSWQ9.stopped,key_resp_28.keys,key_resp_28.rt,key_resp_28.duration,PSWQ10.started,PSWQ10.stopped,key_resp_29.keys,key_resp_29.rt,key_resp_29.duration,PSWQ11.started,PSWQ11.stopped,key_resp_30.keys,key_resp_30.rt,key_resp_30.duration,PSWQ12.started,PSWQ12.stopped,key_resp_31.keys,key_resp_31.rt,key_resp_31.duration,PSWQ13.started,PSWQ13.stopped,key_resp_32.keys,key_resp_32.rt,key_resp_32.duration,PSWQ14.started,PSWQ14.stopped,key_resp_33.keys,key_resp_33.rt,key_resp_33.duration,PSWQ15.started,PSWQ15.stopped,key_resp_34.keys,key_resp_34.rt,key_resp_34.duration,PSWQ16.started,PSWQ16.stopped,key_resp_35.keys,key_resp_35.rt,key_resp_35.duration,q2_instructions.started,q2_instructions.stopped,AM1.started,AM1.stopped,key_resp_41.keys,key_resp_41.rt,key_resp_41.duration,AM2.started,AM2.stopped,key_resp_42.keys,key_resp_42.rt,key_resp_42.duration,AM3.started,AM3.stopped,key_resp_43.keys,key_resp_43.rt,key_resp_43.duration,AM4.started,AM4.stopped,key_resp_44.keys,key_resp_44.rt,key_resp_44.duration,AM5.started,AM5.stopped,key_resp_45.keys,key_resp_45.rt,key_resp_45.duration,q3_instructions.started,q3_instructions.stopped,SPQ1.started,SPQ1.stopped,key_resp_46.keys,key_resp_46.rt,key_resp_46.duration,SPQ2.started,SPQ2.stopped,key_resp_47.keys,key_resp_47.rt,key_resp_47.duration,SPQ3.started,SPQ3.stopped,key_resp_48.keys,key_resp_48.rt,key_resp_48.duration,SPQ4.started,SPQ4.stopped,key_resp_49.keys,key_resp_49.rt,key_resp_49.duration,SPQ5.started,SPQ5.stopped,key_resp_50.keys,key_resp_50.rt,key_resp_50.duration,SPQ6.started,SPQ6.stopped,key_resp_51.keys,key_resp_51.rt,key_resp_51.duration,SPQ7.started,SPQ7.stopped,key_resp_52.keys,key_resp_52.rt,key_resp_52.duration,SPQ8.started,SPQ8.stopped,key_resp_53.keys,key_resp_53.rt,key_resp_53.duration,SPQ9.started,SPQ9.stopped,key_resp_54.keys,key_resp_54.rt,key_resp_54.duration,SPQ10.started,SPQ10.stopped,key_resp_55.keys,key_resp_55.rt,key_resp_55.duration,SQP11.started,SQP11.stopped,key_resp_56.keys,key_resp_56.rt,key_resp_56.duration,SPQ12.started,SPQ12.stopped,key_resp_57.keys,key_resp_57.rt,key_resp_57.duration,SPQ13.started,SPQ13.stopped,key_resp_58.keys,key_resp_58.rt,key_resp_58.duration,SPQ14.started,SPQ14.stopped,key_resp_59.keys,key_resp_59.rt,key_resp_59.duration,SPQ15.started,SPQ15.stopped,key_resp_60.keys,key_resp_60.rt,key_resp_60.duration,SPQ16.started,SPQ16.stopped,key_resp_61.keys,key_resp_61.rt,key_resp_61.duration,SPQ17.started,SPQ17.stopped,key_resp_62.keys,key_resp_62.rt,key_resp_62.duration,SPQ18.started,SPQ18.stopped,key_resp_63.keys,key_resp_63.rt,key_resp_63.duration,SPQ19.started,SPQ19.stopped,key_resp_64.keys,key_resp_64.rt,key_resp_64.duration,SPQ20.started,SPQ20.stopped,key_resp_65.keys,key_resp_65.rt,key_resp_65.duration,SPQ21.started,SPQ21.stopped,key_resp_66.keys,key_resp_66.rt,key_resp_66.duration,SPQ22.started,SPQ22.stopped,key_resp_67.keys,key_resp_67.rt,key_resp_67.duration,q4_instructions.started,q4_instructions.stopped,SS1.started,SS1.stopped,key_resp_68.keys,key_resp_68.rt,key_resp_68.duration,SS2.started,SS2.stopped,key_resp_69.keys,key_resp_69.rt,key_resp_69.duration,SS3.started,SS3.stopped,key_resp_70.keys,key_resp_70.rt,key_resp_70.duration,SS4.started,SS4.stopped,key_resp_71.keys,key_resp_71.rt,key_resp_71.duration,SS5.started,SS5.stopped,key_resp_72.keys,key_resp_72.rt,key_resp_72.duration,SS6.started,SS6.stopped,key_resp_73.keys,key_resp_73.rt,key_resp_73.duration,SS7.started,SS7.stopped,key_resp_74.keys,key_resp_74.rt,key_resp_74.duration,SS8.started,SS8.stopped,key_resp_75.keys,key_resp_75.rt,key_resp_75.duration,SS9.started,SS9.stopped,key_resp_76.keys,key_resp_76.rt,key_resp_76.duration,SS10.started,SS10.stopped,key_resp_77.keys,key_resp_77.rt,key_resp_77.duration,instructions.started,instructions.stopped,second_instructions.started,second_instructions.stopped,third_instructions.started,third_instructions.stopped,instructions4.started,instructions4.stopped,practice1.started,practice1.stopped,key_resp_10.keys,key_resp_10.rt,key_resp_10.duration,practice1_result.started,practice1_result.stopped,next_trial.started,next_trial.stopped,practice_trials.thisRepN,practice_trials.thisTrialN,practice_trials.thisN,practice_trials.thisIndex,practice_trials.ran,trials,image_prac1,image_prac2,practice1_quiz.started,practice1_quiz.stopped,practice_answer.keys,practice_answer.corr,practice_answer.rt,practice_answer.duration,practice1_quizfeedback.started,practice1_quizfeedback.stopped,practice_loop.thisRepN,practice_loop.thisTrialN,practice_loop.thisN,practice_loop.thisIndex,practice_loop.ran,memory_quiz_instructions.started,memory_quiz_instructions.stopped,key_resp_23.keys,key_resp_23.rt,key_resp_23.duration,quiz1_i.started,quiz1_i.stopped,key_resp_17.keys,key_resp_17.rt,key_resp_17.duration,quiz2_i.started,quiz2_i.stopped,key_resp_18.keys,key_resp_18.rt,key_resp_18.duration,quiz3.started,quiz3.stopped,key_resp_19.keys,key_resp_19.rt,key_resp_19.duration,quiz4.started,quiz4.stopped,key_resp_20.keys,key_resp_20.rt,key_resp_20.duration,quiz_feedback.started,quiz_feedback.stopped,instructions_get_right.thisRepN,instructions_get_right.thisTrialN,instructions_get_right.thisN,instructions_get_right.thisIndex,instructions_get_right.ran,instructions_get_right.order
0.000599998,13.1133,space,12.4447,0.002900002,,001,2024-06-24_19h50.16.765,thisExp,2023.2.3,Win32,3.763643207,64455cfdcc83f30266ad2345,66796a98503c9c6c81f1cb5d,6679bfc6fa32f0db46abd216,,,,,,,,,,,,,,,,,,,,,,,,,,,,,,,,,,,,,,,,,,,,,,,,,,,,,,,,,,,,,,,,,,,,,,,,,,,,,,,,,,,,,,,,,,,,,,,,,,,,,,,,,,,,,,,,,,,,,,,,,,,,,,,,,,,,,,,,,,,,,,,,,,,,,,,,,,,,,,,,,,,,,,,,,,,,,,,,,,,,,,,,,,,,,,,,,,,,,,,,,,,,,,,,,,,,,,,,,,,,,,,,,,,,,,,,,,,,,,,,,,,,,,,,,,,,,,,,,,,,,,,,,,,,,,,,,,,,,,,,,,,,,,,,,,,,,,,,,,,,,,,,,,,,,,,,,,,,,,,,,,,,,,,,,,,,,,,,,,,,,,,,,,,,,
,,,,,,001,2024-06-24_19h50.16.765,thisExp,2023.2.3,Win32,3.763643207,64455cfdcc83f30266ad2345,66796a98503c9c6c81f1cb5d,6679bfc6fa32f0db46abd216,13.1137,16.2007,y,2.640900002,0.001299999,,,,,,,,,,,,,,,,,,,,,,,,,,,,,,,,,,,,,,,,,,,,,,,,,,,,,,,,,,,,,,,,,,,,,,,,,,,,,,,,,,,,,,,,,,,,,,,,,,,,,,,,,,,,,,,,,,,,,,,,,,,,,,,,,,,,,,,,,,,,,,,,,,,,,,,,,,,,,,,,,,,,,,,,,,,,,,,,,,,,,,,,,,,,,,,,,,,,,,,,,,,,,,,,,,,,,,,,,,,,,,,,,,,,,,,,,,,,,,,,,,,,,,,,,,,,,,,,,,,,,,,,,,,,,,,,,,,,,,,,,,,,,,,,,,,,,,,,,,,,,,,,,,,,,,,,,,,,,,,,,,,,,,,,,,,,,,,,,,,,,,,,
,,,,,,001,2024-06-24_19h50.16.765,thisExp,2023.2.3,Win32,3.763643207,64455cfdcc83f30266ad2345,66796a98503c9c6c81f1cb5d,6679bfc6fa32f0db46abd216,,,,,,16.201,21.0796,,,,,,,,,,,,,,,,,,,,,,,,,,,,,,,,,,,,,,,,,,,,,,,,,,,,,,,,,,,,,,,,,,,,,,,,,,,,,,,,,,,,,,,,,,,,,,,,,,,,,,,,,,,,,,,,,,,,,,,,,,,,,,,,,,,,,,,,,,,,,,,,,,,,,,,,,,,,,,,,,,,,,,,,,,,,,,,,,,,,,,,,,,,,,,,,,,,,,,,,,,,,,,,,,,,,,,,,,,,,,,,,,,,,,,,,,,,,,,,,,,,,,,,,,,,,,,,,,,,,,,,,,,,,,,,,,,,,,,,,,,,,,,,,,,,,,,,,,,,,,,,,,,,,,,,,,,,,,,,,,,,,,,,,,,,,,,,,,,,,,,
,,,,,,001,2024-06-24_19h50.16.765,thisExp,2023.2.3,Win32,3.763643207,64455cfdcc83f30266ad2345,66796a98503c9c6c81f1cb5d,6679bfc6fa32f0db46abd216,,,,,,,,21.0799,30.6087,3,9.1444,,,,,,,,,,,,,,,,,,,,,,,,,,,,,,,,,,,,,,,,,,,,,,,,,,,,,,,,,,,,,,,,,,,,,,,,,,,,,,,,,,,,,,,,,,,,,,,,,,,,,,,,,,,,,,,,,,,,,,,,,,,,,,,,,,,,,,,,,,,,,,,,,,,,,,,,,,,,,,,,,,,,,,,,,,,,,,,,,,,,,,,,,,,,,,,,,,,,,,,,,,,,,,,,,,,,,,,,,,,,,,,,,,,,,,,,,,,,,,,,,,,,,,,,,,,,,,,,,,,,,,,,,,,,,,,,,,,,,,,,,,,,,,,,,,,,,,,,,,,,,,,,,,,,,,,,,,,,,,,,,,,,,,,,,,,,,,,,,,
,,,,,,001,2024-06-24_19h50.16.765,thisExp,2023.2.3,Win32,3.763643207,64455cfdcc83f30266ad2345,66796a98503c9c6c81f1cb5d,6679bfc6fa32f0db46abd216,,,,,,,,,,,,,30.6089,32.8876,3,1.966800001,0.001799999,,,,,,,,,,,,,,,,,,,,,,,,,,,,,,,,,,,,,,,,,,,,,,,,,,,,,,,,,,,,,,,,,,,,,,,,,,,,,,,,,,,,,,,,,,,,,,,,,,,,,,,,,,,,,,,,,,,,,,,,,,,,,,,,,,,,,,,,,,,,,,,,,,,,,,,,,,,,,,,,,,,,,,,,,,,,,,,,,,,,,,,,,,,,,,,,,,,,,,,,,,,,,,,,,,,,,,,,,,,,,,,,,,,,,,,,,,,,,,,,,,,,,,,,,,,,,,,,,,,,,,,,,,,,,,,,,,,,,,,,,,,,,,,,,,,,,,,,,,,,,,,,,,,,,,,,,,,,,,,,,,,,,,,,,,,,
,,,,,,001,2024-06-24_19h50.16.765,thisExp,2023.2.3,Win32,3.763643207,64455cfdcc83f30266ad2345,66796a98503c9c6c81f1cb5d,6679bfc6fa32f0db46abd216,,,,,,,,,,,,,,,,,,32.8879,35.2976,3,2.0849,0.001300001,,,,,,,,,,,,,,,,,,,,,,,,,,,,,,,,,,,,,,,,,,,,,,,,,,,,,,,,,,,,,,,,,,,,,,,,,,,,,,,,,,,,,,,,,,,,,,,,,,,,,,,,,,,,,,,,,,,,,,,,,,,,,,,,,,,,,,,,,,,,,,,,,,,,,,,,,,,,,,,,,,,,,,,,,,,,,,,,,,,,,,,,,,,,,,,,,,,,,,,,,,,,,,,,,,,,,,,,,,,,,,,,,,,,,,,,,,,,,,,,,,,,,,,,,,,,,,,,,,,,,,,,,,,,,,,,,,,,,,,,,,,,,,,,,,,,,,,,,,,,,,,,,,,,,,,,,,,,,,,,,,,,,,,
,,,,,,001,2024-06-24_19h50.16.765,thisExp,2023.2.3,Win32,3.763643207,64455cfdcc83f30266ad2345,66796a98503c9c6c81f1cb5d,6679bfc6fa32f0db46abd216,,,,,,,,,,,,,,,,,,,,,,,35.2978,37.2583,3,1.6491,0.0011,,,,,,,,,,,,,,,,,,,,,,,,,,,,,,,,,,,,,,,,,,,,,,,,,,,,,,,,,,,,,,,,,,,,,,,,,,,,,,,,,,,,,,,,,,,,,,,,,,,,,,,,,,,,,,,,,,,,,,,,,,,,,,,,,,,,,,,,,,,,,,,,,,,,,,,,,,,,,,,,,,,,,,,,,,,,,,,,,,,,,,,,,,,,,,,,,,,,,,,,,,,,,,,,,,,,,,,,,,,,,,,,,,,,,,,,,,,,,,,,,,,,,,,,,,,,,,,,,,,,,,,,,,,,,,,,,,,,,,,,,,,,,,,,,,,,,,,,,,,,,,,,,,,,,,,,,,,,,,,,,,
,,,,,,001,2024-06-24_19h50.16.765,thisExp,2023.2.3,Win32,3.763643207,64455cfdcc83f30266ad2345,66796a98503c9c6c81f1cb5d,6679bfc6fa32f0db46abd216,,,,,,,,,,,,,,,,,,,,,,,,,,,,37.2585,39.6845,4,2.093,0.0014,,,,,,,,,,,,,,,,,,,,,,,,,,,,,,,,,,,,,,,,,,,,,,,,,,,,,,,,,,,,,,,,,,,,,,,,,,,,,,,,,,,,,,,,,,,,,,,,,,,,,,,,,,,,,,,,,,,,,,,,,,,,,,,,,,,,,,,,,,,,,,,,,,,,,,,,,,,,,,,,,,,,,,,,,,,,,,,,,,,,,,,,,,,,,,,,,,,,,,,,,,,,,,,,,,,,,,,,,,,,,,,,,,,,,,,,,,,,,,,,,,,,,,,,,,,,,,,,,,,,,,,,,,,,,,,,,,,,,,,,,,,,,,,,,,,,,,,,,,,,,,,,,,,,,,,,,,,,,
,,,,,,001,2024-06-24_19h50.16.765,thisExp,2023.2.3,Win32,3.763643207,64455cfdcc83f30266ad2345,66796a98503c9c6c81f1cb5d,6679bfc6fa32f0db46abd216,,,,,,,,,,,,,,,,,,,,,,,,,,,,,,,,,39.6847,41.3595,3,1.344199999,,,,,,,,,,,,,,,,,,,,,,,,,,,,,,,,,,,,,,,,,,,,,,,,,,,,,,,,,,,,,,,,,,,,,,,,,,,,,,,,,,,,,,,,,,,,,,,,,,,,,,,,,,,,,,,,,,,,,,,,,,,,,,,,,,,,,,,,,,,,,,,,,,,,,,,,,,,,,,,,,,,,,,,,,,,,,,,,,,,,,,,,,,,,,,,,,,,,,,,,,,,,,,,,,,,,,,,,,,,,,,,,,,,,,,,,,,,,,,,,,,,,,,,,,,,,,,,,,,,,,,,,,,,,,,,,,,,,,,,,,,,,,,,,,,,,,,,,,,,,,,,,,,,,,,,,,
,,,,,,001,2024-06-24_19h50.16.765,thisExp,2023.2.3,Win32,3.763643207,64455cfdcc83f30266ad2345,66796a98503c9c6c81f1cb5d,6679bfc6fa32f0db46abd216,,,,,,,,,,,,,,,,,,,,,,,,,,,,,,,,,,,,,,41.3598,43.0578,3,1.367800001,0.001599998,,,,,,,,,,,,,,,,,,,,,,,,,,,,,,,,,,,,,,,,,,,,,,,,,,,,,,,,,,,,,,,,,,,,,,,,,,,,,,,,,,,,,,,,,,,,,,,,,,,,,,,,,,,,,,,,,,,,,,,,,,,,,,,,,,,,,,,,,,,,,,,,,,,,,,,,,,,,,,,,,,,,,,,,,,,,,,,,,,,,,,,,,,,,,,,,,,,,,,,,,,,,,,,,,,,,,,,,,,,,,,,,,,,,,,,,,,,,,,,,,,,,,,,,,,,,,,,,,,,,,,,,,,,,,,,,,,,,,,,,,,,,,,,,,,,,,,,,,,,,,,,,,,,
,,,,,,001,2024-06-24_19h50.16.765,thisExp,2023.2.3,Win32,3.763643207,64455cfdcc83f30266ad2345,66796a98503c9c6c81f1cb5d,6679bfc6fa32f0db46abd216,,,,,,,,,,,,,,,,,,,,,,,,,,,,,,,,,,,,,,,,,,,43.058,45.4368,2,2.064299999,0.0016,,,,,,,,,,,,,,,,,,,,,,,,,,,,,,,,,,,,,,,,,,,,,,,,,,,,,,,,,,,,,,,,,,,,,,,,,,,,,,,,,,,,,,,,,,,,,,,,,,,,,,,,,,,,,,,,,,,,,,,,,,,,,,,,,,,,,,,,,,,,,,,,,,,,,,,,,,,,,,,,,,,,,,,,,,,,,,,,,,,,,,,,,,,,,,,,,,,,,,,,,,,,,,,,,,,,,,,,,,,,,,,,,,,,,,,,,,,,,,,,,,,,,,,,,,,,,,,,,,,,,,,,,,,,,,,,,,,,,,,,,,,,,,,,,,,,,,,,,,,,,,
,,,,,,001,2024-06-24_19h50.16.765,thisExp,2023.2.3,Win32,3.763643207,64455cfdcc83f30266ad2345,66796a98503c9c6c81f1cb5d,6679bfc6fa32f0db46abd216,,,,,,,,,,,,,,,,,,,,,,,,,,,,,,,,,,,,,,,,,,,,,,,,45.4371,47.4385,2,1.6735,,,,,,,,,,,,,,,,,,,,,,,,,,,,,,,,,,,,,,,,,,,,,,,,,,,,,,,,,,,,,,,,,,,,,,,,,,,,,,,,,,,,,,,,,,,,,,,,,,,,,,,,,,,,,,,,,,,,,,,,,,,,,,,,,,,,,,,,,,,,,,,,,,,,,,,,,,,,,,,,,,,,,,,,,,,,,,,,,,,,,,,,,,,,,,,,,,,,,,,,,,,,,,,,,,,,,,,,,,,,,,,,,,,,,,,,,,,,,,,,,,,,,,,,,,,,,,,,,,,,,,,,,,,,,,,,,,,,,,,,,,,,,,,,,,,,,,,,,,
,,,,,,001,2024-06-24_19h50.16.765,thisExp,2023.2.3,Win32,3.763643207,64455cfdcc83f30266ad2345,66796a98503c9c6c81f1cb5d,6679bfc6fa32f0db46abd216,,,,,,,,,,,,,,,,,,,,,,,,,,,,,,,,,,,,,,,,,,,,,,,,,,,,,47.4388,49.3665,1,1.6106,0.0014,,,,,,,,,,,,,,,,,,,,,,,,,,,,,,,,,,,,,,,,,,,,,,,,,,,,,,,,,,,,,,,,,,,,,,,,,,,,,,,,,,,,,,,,,,,,,,,,,,,,,,,,,,,,,,,,,,,,,,,,,,,,,,,,,,,,,,,,,,,,,,,,,,,,,,,,,,,,,,,,,,,,,,,,,,,,,,,,,,,,,,,,,,,,,,,,,,,,,,,,,,,,,,,,,,,,,,,,,,,,,,,,,,,,,,,,,,,,,,,,,,,,,,,,,,,,,,,,,,,,,,,,,,,,,,,,,,,,,,,,,,,,,,,,,,,,
,,,,,,001,2024-06-24_19h50.16.765,thisExp,2023.2.3,Win32,3.763643207,64455cfdcc83f30266ad2345,66796a98503c9c6c81f1cb5d,6679bfc6fa32f0db46abd216,,,,,,,,,,,,,,,,,,,,,,,,,,,,,,,,,,,,,,,,,,,,,,,,,,,,,,,,,,49.3667,54.0415,3,4.3519,,,,,,,,,,,,,,,,,,,,,,,,,,,,,,,,,,,,,,,,,,,,,,,,,,,,,,,,,,,,,,,,,,,,,,,,,,,,,,,,,,,,,,,,,,,,,,,,,,,,,,,,,,,,,,,,,,,,,,,,,,,,,,,,,,,,,,,,,,,,,,,,,,,,,,,,,,,,,,,,,,,,,,,,,,,,,,,,,,,,,,,,,,,,,,,,,,,,,,,,,,,,,,,,,,,,,,,,,,,,,,,,,,,,,,,,,,,,,,,,,,,,,,,,,,,,,,,,,,,,,,,,,,,,,,,,,,,,,,,,,,,,,,,,
,,,,,,001,2024-06-24_19h50.16.765,thisExp,2023.2.3,Win32,3.763643207,64455cfdcc83f30266ad2345,66796a98503c9c6c81f1cb5d,6679bfc6fa32f0db46abd216,,,,,,,,,,,,,,,,,,,,,,,,,,,,,,,,,,,,,,,,,,,,,,,,,,,,,,,,,,,,,,,54.0417,55.6714,1,1.3099,,,,,,,,,,,,,,,,,,,,,,,,,,,,,,,,,,,,,,,,,,,,,,,,,,,,,,,,,,,,,,,,,,,,,,,,,,,,,,,,,,,,,,,,,,,,,,,,,,,,,,,,,,,,,,,,,,,,,,,,,,,,,,,,,,,,,,,,,,,,,,,,,,,,,,,,,,,,,,,,,,,,,,,,,,,,,,,,,,,,,,,,,,,,,,,,,,,,,,,,,,,,,,,,,,,,,,,,,,,,,,,,,,,,,,,,,,,,,,,,,,,,,,,,,,,,,,,,,,,,,,,,,,,,,,,,,,,,,,,,,,,
,,,,,,001,2024-06-24_19h50.16.765,thisExp,2023.2.3,Win32,3.763643207,64455cfdcc83f30266ad2345,66796a98503c9c6c81f1cb5d,6679bfc6fa32f0db46abd216,,,,,,,,,,,,,,,,,,,,,,,,,,,,,,,,,,,,,,,,,,,,,,,,,,,,,,,,,,,,,,,,,,,,55.6715,59.3653,4,3.3651,0.0014,,,,,,,,,,,,,,,,,,,,,,,,,,,,,,,,,,,,,,,,,,,,,,,,,,,,,,,,,,,,,,,,,,,,,,,,,,,,,,,,,,,,,,,,,,,,,,,,,,,,,,,,,,,,,,,,,,,,,,,,,,,,,,,,,,,,,,,,,,,,,,,,,,,,,,,,,,,,,,,,,,,,,,,,,,,,,,,,,,,,,,,,,,,,,,,,,,,,,,,,,,,,,,,,,,,,,,,,,,,,,,,,,,,,,,,,,,,,,,,,,,,,,,,,,,,,,,,,,,,,,,,,,,,,,,,,,,,,,
,,,,,,001,2024-06-24_19h50.16.765,thisExp,2023.2.3,Win32,3.763643207,64455cfdcc83f30266ad2345,66796a98503c9c6c81f1cb5d,6679bfc6fa32f0db46abd216,,,,,,,,,,,,,,,,,,,,,,,,,,,,,,,,,,,,,,,,,,,,,,,,,,,,,,,,,,,,,,,,,,,,,,,,,59.3655,61.0636,3,1.394,0.0014,,,,,,,,,,,,,,,,,,,,,,,,,,,,,,,,,,,,,,,,,,,,,,,,,,,,,,,,,,,,,,,,,,,,,,,,,,,,,,,,,,,,,,,,,,,,,,,,,,,,,,,,,,,,,,,,,,,,,,,,,,,,,,,,,,,,,,,,,,,,,,,,,,,,,,,,,,,,,,,,,,,,,,,,,,,,,,,,,,,,,,,,,,,,,,,,,,,,,,,,,,,,,,,,,,,,,,,,,,,,,,,,,,,,,,,,,,,,,,,,,,,,,,,,,,,,,,,,,,,,,,,,,,,,,,,,
,,,,,,001,2024-06-24_19h50.16.765,thisExp,2023.2.3,Win32,3.763643207,64455cfdcc83f30266ad2345,66796a98503c9c6c81f1cb5d,6679bfc6fa32f0db46abd216,,,,,,,,,,,,,,,,,,,,,,,,,,,,,,,,,,,,,,,,,,,,,,,,,,,,,,,,,,,,,,,,,,,,,,,,,,,,,,61.0639,62.7527,3,1.3825,0.0014,,,,,,,,,,,,,,,,,,,,,,,,,,,,,,,,,,,,,,,,,,,,,,,,,,,,,,,,,,,,,,,,,,,,,,,,,,,,,,,,,,,,,,,,,,,,,,,,,,,,,,,,,,,,,,,,,,,,,,,,,,,,,,,,,,,,,,,,,,,,,,,,,,,,,,,,,,,,,,,,,,,,,,,,,,,,,,,,,,,,,,,,,,,,,,,,,,,,,,,,,,,,,,,,,,,,,,,,,,,,,,,,,,,,,,,,,,,,,,,,,,,,,,,,,,,,,,,,,,,,,,,,,,,
,,,,,,001,2024-06-24_19h50.16.765,thisExp,2023.2.3,Win32,3.763643207,64455cfdcc83f30266ad2345,66796a98503c9c6c81f1cb5d,6679bfc6fa32f0db46abd216,,,,,,,,,,,,,,,,,,,,,,,,,,,,,,,,,,,,,,,,,,,,,,,,,,,,,,,,,,,,,,,,,,,,,,,,,,,,,,,,,,,62.753,64.426,1,1.331300001,0.0015,,,,,,,,,,,,,,,,,,,,,,,,,,,,,,,,,,,,,,,,,,,,,,,,,,,,,,,,,,,,,,,,,,,,,,,,,,,,,,,,,,,,,,,,,,,,,,,,,,,,,,,,,,,,,,,,,,,,,,,,,,,,,,,,,,,,,,,,,,,,,,,,,,,,,,,,,,,,,,,,,,,,,,,,,,,,,,,,,,,,,,,,,,,,,,,,,,,,,,,,,,,,,,,,,,,,,,,,,,,,,,,,,,,,,,,,,,,,,,,,,,,,,,,,,,,,,,,,,,,,,,
,,,,,,001,2024-06-24_19h50.16.765,thisExp,2023.2.3,Win32,3.763643207,64455cfdcc83f30266ad2345,66796a98503c9c6c81f1cb5d,6679bfc6fa32f0db46abd216,,,,,,,,,,,,,,,,,,,,,,,,,,,,,,,,,,,,,,,,,,,,,,,,,,,,,,,,,,,,,,,,,,,,,,,,,,,,,,,,,,,,,,,,64.4262,69.5052,,,,,,,,,,,,,,,,,,,,,,,,,,,,,,,,,,,,,,,,,,,,,,,,,,,,,,,,,,,,,,,,,,,,,,,,,,,,,,,,,,,,,,,,,,,,,,,,,,,,,,,,,,,,,,,,,,,,,,,,,,,,,,,,,,,,,,,,,,,,,,,,,,,,,,,,,,,,,,,,,,,,,,,,,,,,,,,,,,,,,,,,,,,,,,,,,,,,,,,,,,,,,,,,,,,,,,,,,,,,,,,,,,,,,,,,,,,,,,,,,,,,,,,,,,,,,,,,,,,,
,,,,,,001,2024-06-24_19h50.16.765,thisExp,2023.2.3,Win32,3.763643207,64455cfdcc83f30266ad2345,66796a98503c9c6c81f1cb5d,6679bfc6fa32f0db46abd216,,,,,,,,,,,,,,,,,,,,,,,,,,,,,,,,,,,,,,,,,,,,,,,,,,,,,,,,,,,,,,,,,,,,,,,,,,,,,,,,,,,,,,,,,,69.5054,72.8074,3,2.963900002,,,,,,,,,,,,,,,,,,,,,,,,,,,,,,,,,,,,,,,,,,,,,,,,,,,,,,,,,,,,,,,,,,,,,,,,,,,,,,,,,,,,,,,,,,,,,,,,,,,,,,,,,,,,,,,,,,,,,,,,,,,,,,,,,,,,,,,,,,,,,,,,,,,,,,,,,,,,,,,,,,,,,,,,,,,,,,,,,,,,,,,,,,,,,,,,,,,,,,,,,,,,,,,,,,,,,,,,,,,,,,,,,,,,,,,,,,,,,,,,,,,,,,,,,,,,,,,,
,,,,,,001,2024-06-24_19h50.16.765,thisExp,2023.2.3,Win32,3.763643207,64455cfdcc83f30266ad2345,66796a98503c9c6c81f1cb5d,6679bfc6fa32f0db46abd216,,,,,,,,,,,,,,,,,,,,,,,,,,,,,,,,,,,,,,,,,,,,,,,,,,,,,,,,,,,,,,,,,,,,,,,,,,,,,,,,,,,,,,,,,,,,,,,72.8077,74.0837,3,0.98,,,,,,,,,,,,,,,,,,,,,,,,,,,,,,,,,,,,,,,,,,,,,,,,,,,,,,,,,,,,,,,,,,,,,,,,,,,,,,,,,,,,,,,,,,,,,,,,,,,,,,,,,,,,,,,,,,,,,,,,,,,,,,,,,,,,,,,,,,,,,,,,,,,,,,,,,,,,,,,,,,,,,,,,,,,,,,,,,,,,,,,,,,,,,,,,,,,,,,,,,,,,,,,,,,,,,,,,,,,,,,,,,,,,,,,,,,,,,,,,,,,,,,,,,,,
,,,,,,001,2024-06-24_19h50.16.765,thisExp,2023.2.3,Win32,3.763643207,64455cfdcc83f30266ad2345,66796a98503c9c6c81f1cb5d,6679bfc6fa32f0db46abd216,,,,,,,,,,,,,,,,,,,,,,,,,,,,,,,,,,,,,,,,,,,,,,,,,,,,,,,,,,,,,,,,,,,,,,,,,,,,,,,,,,,,,,,,,,,,,,,,,,,,74.0841,76.2862,2,1.8919,0.0016,,,,,,,,,,,,,,,,,,,,,,,,,,,,,,,,,,,,,,,,,,,,,,,,,,,,,,,,,,,,,,,,,,,,,,,,,,,,,,,,,,,,,,,,,,,,,,,,,,,,,,,,,,,,,,,,,,,,,,,,,,,,,,,,,,,,,,,,,,,,,,,,,,,,,,,,,,,,,,,,,,,,,,,,,,,,,,,,,,,,,,,,,,,,,,,,,,,,,,,,,,,,,,,,,,,,,,,,,,,,,,,,,,,,,,,,,,,,,,,,,,,,,
,,,,,,001,2024-06-24_19h50.16.765,thisExp,2023.2.3,Win32,3.763643207,64455cfdcc83f30266ad2345,66796a98503c9c6c81f1cb5d,6679bfc6fa32f0db46abd216,,,,,,,,,,,,,,,,,,,,,,,,,,,,,,,,,,,,,,,,,,,,,,,,,,,,,,,,,,,,,,,,,,,,,,,,,,,,,,,,,,,,,,,,,,,,,,,,,,,,,,,,,76.2865,77.8918,3,1.3059,,,,,,,,,,,,,,,,,,,,,,,,,,,,,,,,,,,,,,,,,,,,,,,,,,,,,,,,,,,,,,,,,,,,,,,,,,,,,,,,,,,,,,,,,,,,,,,,,,,,,,,,,,,,,,,,,,,,,,,,,,,,,,,,,,,,,,,,,,,,,,,,,,,,,,,,,,,,,,,,,,,,,,,,,,,,,,,,,,,,,,,,,,,,,,,,,,,,,,,,,,,,,,,,,,,,,,,,,,,,,,,,,,,,,,,,,,,,,,,,,
,,,,,,001,2024-06-24_19h50.16.765,thisExp,2023.2.3,Win32,3.763643207,64455cfdcc83f30266ad2345,66796a98503c9c6c81f1cb5d,6679bfc6fa32f0db46abd216,,,,,,,,,,,,,,,,,,,,,,,,,,,,,,,,,,,,,,,,,,,,,,,,,,,,,,,,,,,,,,,,,,,,,,,,,,,,,,,,,,,,,,,,,,,,,,,,,,,,,,,,,,,,,,77.8921,80.1901,3,1.993299999,,,,,,,,,,,,,,,,,,,,,,,,,,,,,,,,,,,,,,,,,,,,,,,,,,,,,,,,,,,,,,,,,,,,,,,,,,,,,,,,,,,,,,,,,,,,,,,,,,,,,,,,,,,,,,,,,,,,,,,,,,,,,,,,,,,,,,,,,,,,,,,,,,,,,,,,,,,,,,,,,,,,,,,,,,,,,,,,,,,,,,,,,,,,,,,,,,,,,,,,,,,,,,,,,,,,,,,,,,,,,,,,,,,,,,,,,,,,
,,,,,,001,2024-06-24_19h50.16.765,thisExp,2023.2.3,Win32,3.763643207,64455cfdcc83f30266ad2345,66796a98503c9c6c81f1cb5d,6679bfc6fa32f0db46abd216,,,,,,,,,,,,,,,,,,,,,,,,,,,,,,,,,,,,,,,,,,,,,,,,,,,,,,,,,,,,,,,,,,,,,,,,,,,,,,,,,,,,,,,,,,,,,,,,,,,,,,,,,,,,,,,,,,,80.1903,85.2592,,,,,,,,,,,,,,,,,,,,,,,,,,,,,,,,,,,,,,,,,,,,,,,,,,,,,,,,,,,,,,,,,,,,,,,,,,,,,,,,,,,,,,,,,,,,,,,,,,,,,,,,,,,,,,,,,,,,,,,,,,,,,,,,,,,,,,,,,,,,,,,,,,,,,,,,,,,,,,,,,,,,,,,,,,,,,,,,,,,,,,,,,,,,,,,,,,,,,,,,,,,,,,,,,,,,,,,,,,,,,,,,,,,,,,,,,
,,,,,,001,2024-06-24_19h50.16.765,thisExp,2023.2.3,Win32,3.763643207,64455cfdcc83f30266ad2345,66796a98503c9c6c81f1cb5d,6679bfc6fa32f0db46abd216,,,,,,,,,,,,,,,,,,,,,,,,,,,,,,,,,,,,,,,,,,,,,,,,,,,,,,,,,,,,,,,,,,,,,,,,,,,,,,,,,,,,,,,,,,,,,,,,,,,,,,,,,,,,,,,,,,,,,85.2595,89.6093,n,4.050200001,,,,,,,,,,,,,,,,,,,,,,,,,,,,,,,,,,,,,,,,,,,,,,,,,,,,,,,,,,,,,,,,,,,,,,,,,,,,,,,,,,,,,,,,,,,,,,,,,,,,,,,,,,,,,,,,,,,,,,,,,,,,,,,,,,,,,,,,,,,,,,,,,,,,,,,,,,,,,,,,,,,,,,,,,,,,,,,,,,,,,,,,,,,,,,,,,,,,,,,,,,,,,,,,,,,,,,,,,,,,,,,,,,,,,
,,,,,,001,2024-06-24_19h50.16.765,thisExp,2023.2.3,Win32,3.763643207,64455cfdcc83f30266ad2345,66796a98503c9c6c81f1cb5d,6679bfc6fa32f0db46abd216,,,,,,,,,,,,,,,,,,,,,,,,,,,,,,,,,,,,,,,,,,,,,,,,,,,,,,,,,,,,,,,,,,,,,,,,,,,,,,,,,,,,,,,,,,,,,,,,,,,,,,,,,,,,,,,,,,,,,,,,,,89.6094,92.1385,n,2.224,0.001199999,,,,,,,,,,,,,,,,,,,,,,,,,,,,,,,,,,,,,,,,,,,,,,,,,,,,,,,,,,,,,,,,,,,,,,,,,,,,,,,,,,,,,,,,,,,,,,,,,,,,,,,,,,,,,,,,,,,,,,,,,,,,,,,,,,,,,,,,,,,,,,,,,,,,,,,,,,,,,,,,,,,,,,,,,,,,,,,,,,,,,,,,,,,,,,,,,,,,,,,,,,,,,,,,,,,,,,,,,,,,,,,
,,,,,,001,2024-06-24_19h50.16.765,thisExp,2023.2.3,Win32,3.763643207,64455cfdcc83f30266ad2345,66796a98503c9c6c81f1cb5d,6679bfc6fa32f0db46abd216,,,,,,,,,,,,,,,,,,,,,,,,,,,,,,,,,,,,,,,,,,,,,,,,,,,,,,,,,,,,,,,,,,,,,,,,,,,,,,,,,,,,,,,,,,,,,,,,,,,,,,,,,,,,,,,,,,,,,,,,,,,,,,,92.1388,95.039,n,2.589199999,0.001300001,,,,,,,,,,,,,,,,,,,,,,,,,,,,,,,,,,,,,,,,,,,,,,,,,,,,,,,,,,,,,,,,,,,,,,,,,,,,,,,,,,,,,,,,,,,,,,,,,,,,,,,,,,,,,,,,,,,,,,,,,,,,,,,,,,,,,,,,,,,,,,,,,,,,,,,,,,,,,,,,,,,,,,,,,,,,,,,,,,,,,,,,,,,,,,,,,,,,,,,,,,,,,,,,,,,,,,,,,,
,,,,,,001,2024-06-24_19h50.16.765,thisExp,2023.2.3,Win32,3.763643207,64455cfdcc83f30266ad2345,66796a98503c9c6c81f1cb5d,6679bfc6fa32f0db46abd216,,,,,,,,,,,,,,,,,,,,,,,,,,,,,,,,,,,,,,,,,,,,,,,,,,,,,,,,,,,,,,,,,,,,,,,,,,,,,,,,,,,,,,,,,,,,,,,,,,,,,,,,,,,,,,,,,,,,,,,,,,,,,,,,,,,,95.0392,97.29,n,1.914799999,0.001200001,,,,,,,,,,,,,,,,,,,,,,,,,,,,,,,,,,,,,,,,,,,,,,,,,,,,,,,,,,,,,,,,,,,,,,,,,,,,,,,,,,,,,,,,,,,,,,,,,,,,,,,,,,,,,,,,,,,,,,,,,,,,,,,,,,,,,,,,,,,,,,,,,,,,,,,,,,,,,,,,,,,,,,,,,,,,,,,,,,,,,,,,,,,,,,,,,,,,,,,,,,,,,,,,,,,,,
,,,,,,001,2024-06-24_19h50.16.765,thisExp,2023.2.3,Win32,3.763643207,64455cfdcc83f30266ad2345,66796a98503c9c6c81f1cb5d,6679bfc6fa32f0db46abd216,,,,,,,,,,,,,,,,,,,,,,,,,,,,,,,,,,,,,,,,,,,,,,,,,,,,,,,,,,,,,,,,,,,,,,,,,,,,,,,,,,,,,,,,,,,,,,,,,,,,,,,,,,,,,,,,,,,,,,,,,,,,,,,,,,,,,,,,,97.2902,99.4884,n,1.905299999,0.001200001,,,,,,,,,,,,,,,,,,,,,,,,,,,,,,,,,,,,,,,,,,,,,,,,,,,,,,,,,,,,,,,,,,,,,,,,,,,,,,,,,,,,,,,,,,,,,,,,,,,,,,,,,,,,,,,,,,,,,,,,,,,,,,,,,,,,,,,,,,,,,,,,,,,,,,,,,,,,,,,,,,,,,,,,,,,,,,,,,,,,,,,,,,,,,,,,,,,,,,,,,,,,,,,,
,,,,,,001,2024-06-24_19h50.16.765,thisExp,2023.2.3,Win32,3.763643207,64455cfdcc83f30266ad2345,66796a98503c9c6c81f1cb5d,6679bfc6fa32f0db46abd216,,,,,,,,,,,,,,,,,,,,,,,,,,,,,,,,,,,,,,,,,,,,,,,,,,,,,,,,,,,,,,,,,,,,,,,,,,,,,,,,,,,,,,,,,,,,,,,,,,,,,,,,,,,,,,,,,,,,,,,,,,,,,,,,,,,,,,,,,,,,,,99.4886,101.745,n,1.959700001,0.0015,,,,,,,,,,,,,,,,,,,,,,,,,,,,,,,,,,,,,,,,,,,,,,,,,,,,,,,,,,,,,,,,,,,,,,,,,,,,,,,,,,,,,,,,,,,,,,,,,,,,,,,,,,,,,,,,,,,,,,,,,,,,,,,,,,,,,,,,,,,,,,,,,,,,,,,,,,,,,,,,,,,,,,,,,,,,,,,,,,,,,,,,,,,,,,,,,,,,,,,,,,,
,,,,,,001,2024-06-24_19h50.16.765,thisExp,2023.2.3,Win32,3.763643207,64455cfdcc83f30266ad2345,66796a98503c9c6c81f1cb5d,6679bfc6fa32f0db46abd216,,,,,,,,,,,,,,,,,,,,,,,,,,,,,,,,,,,,,,,,,,,,,,,,,,,,,,,,,,,,,,,,,,,,,,,,,,,,,,,,,,,,,,,,,,,,,,,,,,,,,,,,,,,,,,,,,,,,,,,,,,,,,,,,,,,,,,,,,,,,,,,,,,,101.7453,116.148,n,14.0964,0.001699999,,,,,,,,,,,,,,,,,,,,,,,,,,,,,,,,,,,,,,,,,,,,,,,,,,,,,,,,,,,,,,,,,,,,,,,,,,,,,,,,,,,,,,,,,,,,,,,,,,,,,,,,,,,,,,,,,,,,,,,,,,,,,,,,,,,,,,,,,,,,,,,,,,,,,,,,,,,,,,,,,,,,,,,,,,,,,,,,,,,,,,,,,,,,,,,,,,,,,,
,,,,,,001,2024-06-24_19h50.16.765,thisExp,2023.2.3,Win32,3.763643207,64455cfdcc83f30266ad2345,66796a98503c9c6c81f1cb5d,6679bfc6fa32f0db46abd216,,,,,,,,,,,,,,,,,,,,,,,,,,,,,,,,,,,,,,,,,,,,,,,,,,,,,,,,,,,,,,,,,,,,,,,,,,,,,,,,,,,,,,,,,,,,,,,,,,,,,,,,,,,,,,,,,,,,,,,,,,,,,,,,,,,,,,,,,,,,,,,,,,,,,,,,116.1482,126.3395,n,9.883400002,0.001199999,,,,,,,,,,,,,,,,,,,,,,,,,,,,,,,,,,,,,,,,,,,,,,,,,,,,,,,,,,,,,,,,,,,,,,,,,,,,,,,,,,,,,,,,,,,,,,,,,,,,,,,,,,,,,,,,,,,,,,,,,,,,,,,,,,,,,,,,,,,,,,,,,,,,,,,,,,,,,,,,,,,,,,,,,,,,,,,,,,,,,,,,,,,,,,,,,
,,,,,,001,2024-06-24_19h50.16.765,thisExp,2023.2.3,Win32,3.763643207,64455cfdcc83f30266ad2345,66796a98503c9c6c81f1cb5d,6679bfc6fa32f0db46abd216,,,,,,,,,,,,,,,,,,,,,,,,,,,,,,,,,,,,,,,,,,,,,,,,,,,,,,,,,,,,,,,,,,,,,,,,,,,,,,,,,,,,,,,,,,,,,,,,,,,,,,,,,,,,,,,,,,,,,,,,,,,,,,,,,,,,,,,,,,,,,,,,,,,,,,,,,,,,,126.3398,139.1888,y,12.5446,0.001299999,,,,,,,,,,,,,,,,,,,,,,,,,,,,,,,,,,,,,,,,,,,,,,,,,,,,,,,,,,,,,,,,,,,,,,,,,,,,,,,,,,,,,,,,,,,,,,,,,,,,,,,,,,,,,,,,,,,,,,,,,,,,,,,,,,,,,,,,,,,,,,,,,,,,,,,,,,,,,,,,,,,,,,,,,,,,,,,,,,,,,,,,,,,,
,,,,,,001,2024-06-24_19h50.16.765,thisExp,2023.2.3,Win32,3.763643207,64455cfdcc83f30266ad2345,66796a98503c9c6c81f1cb5d,6679bfc6fa32f0db46abd216,,,,,,,,,,,,,,,,,,,,,,,,,,,,,,,,,,,,,,,,,,,,,,,,,,,,,,,,,,,,,,,,,,,,,,,,,,,,,,,,,,,,,,,,,,,,,,,,,,,,,,,,,,,,,,,,,,,,,,,,,,,,,,,,,,,,,,,,,,,,,,,,,,,,,,,,,,,,,,,,,,139.1891,141.0844,n,1.606,0.001200001,,,,,,,,,,,,,,,,,,,,,,,,,,,,,,,,,,,,,,,,,,,,,,,,,,,,,,,,,,,,,,,,,,,,,,,,,,,,,,,,,,,,,,,,,,,,,,,,,,,,,,,,,,,,,,,,,,,,,,,,,,,,,,,,,,,,,,,,,,,,,,,,,,,,,,,,,,,,,,,,,,,,,,,,,,,,,,,,,,,,,,,
,,,,,,001,2024-06-24_19h50.16.765,thisExp,2023.2.3,Win32,3.763643207,64455cfdcc83f30266ad2345,66796a98503c9c6c81f1cb5d,6679bfc6fa32f0db46abd216,,,,,,,,,,,,,,,,,,,,,,,,,,,,,,,,,,,,,,,,,,,,,,,,,,,,,,,,,,,,,,,,,,,,,,,,,,,,,,,,,,,,,,,,,,,,,,,,,,,,,,,,,,,,,,,,,,,,,,,,,,,,,,,,,,,,,,,,,,,,,,,,,,,,,,,,,,,,,,,,,,,,,,,141.0846,143.8656,n,2.4864,0.0015,,,,,,,,,,,,,,,,,,,,,,,,,,,,,,,,,,,,,,,,,,,,,,,,,,,,,,,,,,,,,,,,,,,,,,,,,,,,,,,,,,,,,,,,,,,,,,,,,,,,,,,,,,,,,,,,,,,,,,,,,,,,,,,,,,,,,,,,,,,,,,,,,,,,,,,,,,,,,,,,,,,,,,,,,,,,,,,,,,
,,,,,,001,2024-06-24_19h50.16.765,thisExp,2023.2.3,Win32,3.763643207,64455cfdcc83f30266ad2345,66796a98503c9c6c81f1cb5d,6679bfc6fa32f0db46abd216,,,,,,,,,,,,,,,,,,,,,,,,,,,,,,,,,,,,,,,,,,,,,,,,,,,,,,,,,,,,,,,,,,,,,,,,,,,,,,,,,,,,,,,,,,,,,,,,,,,,,,,,,,,,,,,,,,,,,,,,,,,,,,,,,,,,,,,,,,,,,,,,,,,,,,,,,,,,,,,,,,,,,,,,,,,,143.8659,147.0176,y,2.856900002,,,,,,,,,,,,,,,,,,,,,,,,,,,,,,,,,,,,,,,,,,,,,,,,,,,,,,,,,,,,,,,,,,,,,,,,,,,,,,,,,,,,,,,,,,,,,,,,,,,,,,,,,,,,,,,,,,,,,,,,,,,,,,,,,,,,,,,,,,,,,,,,,,,,,,,,,,,,,,,,,,,,,,,,,,,,,,
,,,,,,001,2024-06-24_19h50.16.765,thisExp,2023.2.3,Win32,3.763643207,64455cfdcc83f30266ad2345,66796a98503c9c6c81f1cb5d,6679bfc6fa32f0db46abd216,,,,,,,,,,,,,,,,,,,,,,,,,,,,,,,,,,,,,,,,,,,,,,,,,,,,,,,,,,,,,,,,,,,,,,,,,,,,,,,,,,,,,,,,,,,,,,,,,,,,,,,,,,,,,,,,,,,,,,,,,,,,,,,,,,,,,,,,,,,,,,,,,,,,,,,,,,,,,,,,,,,,,,,,,,,,,,,,,147.018,153.3556,n,6.0396,0.001699999,,,,,,,,,,,,,,,,,,,,,,,,,,,,,,,,,,,,,,,,,,,,,,,,,,,,,,,,,,,,,,,,,,,,,,,,,,,,,,,,,,,,,,,,,,,,,,,,,,,,,,,,,,,,,,,,,,,,,,,,,,,,,,,,,,,,,,,,,,,,,,,,,,,,,,,,,,,,,,,,,,,,,,,,
,,,,,,001,2024-06-24_19h50.16.765,thisExp,2023.2.3,Win32,3.763643207,64455cfdcc83f30266ad2345,66796a98503c9c6c81f1cb5d,6679bfc6fa32f0db46abd216,,,,,,,,,,,,,,,,,,,,,,,,,,,,,,,,,,,,,,,,,,,,,,,,,,,,,,,,,,,,,,,,,,,,,,,,,,,,,,,,,,,,,,,,,,,,,,,,,,,,,,,,,,,,,,,,,,,,,,,,,,,,,,,,,,,,,,,,,,,,,,,,,,,,,,,,,,,,,,,,,,,,,,,,,,,,,,,,,,,,,,153.3558,155.942,n,2.281099998,0.0016,,,,,,,,,,,,,,,,,,,,,,,,,,,,,,,,,,,,,,,,,,,,,,,,,,,,,,,,,,,,,,,,,,,,,,,,,,,,,,,,,,,,,,,,,,,,,,,,,,,,,,,,,,,,,,,,,,,,,,,,,,,,,,,,,,,,,,,,,,,,,,,,,,,,,,,,,,,,,,,,,,,
,,,,,,001,2024-06-24_19h50.16.765,thisExp,2023.2.3,Win32,3.763643207,64455cfdcc83f30266ad2345,66796a98503c9c6c81f1cb5d,6679bfc6fa32f0db46abd216,,,,,,,,,,,,,,,,,,,,,,,,,,,,,,,,,,,,,,,,,,,,,,,,,,,,,,,,,,,,,,,,,,,,,,,,,,,,,,,,,,,,,,,,,,,,,,,,,,,,,,,,,,,,,,,,,,,,,,,,,,,,,,,,,,,,,,,,,,,,,,,,,,,,,,,,,,,,,,,,,,,,,,,,,,,,,,,,,,,,,,,,,,,155.9423,159.2183,n,2.970300001,,,,,,,,,,,,,,,,,,,,,,,,,,,,,,,,,,,,,,,,,,,,,,,,,,,,,,,,,,,,,,,,,,,,,,,,,,,,,,,,,,,,,,,,,,,,,,,,,,,,,,,,,,,,,,,,,,,,,,,,,,,,,,,,,,,,,,,,,,,,,,,,,,,,,,,,,,,,,,,
,,,,,,001,2024-06-24_19h50.16.765,thisExp,2023.2.3,Win32,3.763643207,64455cfdcc83f30266ad2345,66796a98503c9c6c81f1cb5d,6679bfc6fa32f0db46abd216,,,,,,,,,,,,,,,,,,,,,,,,,,,,,,,,,,,,,,,,,,,,,,,,,,,,,,,,,,,,,,,,,,,,,,,,,,,,,,,,,,,,,,,,,,,,,,,,,,,,,,,,,,,,,,,,,,,,,,,,,,,,,,,,,,,,,,,,,,,,,,,,,,,,,,,,,,,,,,,,,,,,,,,,,,,,,,,,,,,,,,,,,,,,,,,,159.2186,161.4401,n,1.913099998,0.001,,,,,,,,,,,,,,,,,,,,,,,,,,,,,,,,,,,,,,,,,,,,,,,,,,,,,,,,,,,,,,,,,,,,,,,,,,,,,,,,,,,,,,,,,,,,,,,,,,,,,,,,,,,,,,,,,,,,,,,,,,,,,,,,,,,,,,,,,,,,,,,,,,,,,,,,,
,,,,,,001,2024-06-24_19h50.16.765,thisExp,2023.2.3,Win32,3.763643207,64455cfdcc83f30266ad2345,66796a98503c9c6c81f1cb5d,6679bfc6fa32f0db46abd216,,,,,,,,,,,,,,,,,,,,,,,,,,,,,,,,,,,,,,,,,,,,,,,,,,,,,,,,,,,,,,,,,,,,,,,,,,,,,,,,,,,,,,,,,,,,,,,,,,,,,,,,,,,,,,,,,,,,,,,,,,,,,,,,,,,,,,,,,,,,,,,,,,,,,,,,,,,,,,,,,,,,,,,,,,,,,,,,,,,,,,,,,,,,,,,,,,,,,161.4403,163.4372,n,1.703,,,,,,,,,,,,,,,,,,,,,,,,,,,,,,,,,,,,,,,,,,,,,,,,,,,,,,,,,,,,,,,,,,,,,,,,,,,,,,,,,,,,,,,,,,,,,,,,,,,,,,,,,,,,,,,,,,,,,,,,,,,,,,,,,,,,,,,,,,,,,,,,,,,,,
,,,,,,001,2024-06-24_19h50.16.765,thisExp,2023.2.3,Win32,3.763643207,64455cfdcc83f30266ad2345,66796a98503c9c6c81f1cb5d,6679bfc6fa32f0db46abd216,,,,,,,,,,,,,,,,,,,,,,,,,,,,,,,,,,,,,,,,,,,,,,,,,,,,,,,,,,,,,,,,,,,,,,,,,,,,,,,,,,,,,,,,,,,,,,,,,,,,,,,,,,,,,,,,,,,,,,,,,,,,,,,,,,,,,,,,,,,,,,,,,,,,,,,,,,,,,,,,,,,,,,,,,,,,,,,,,,,,,,,,,,,,,,,,,,,,,,,,,,163.4374,165.3307,n,1.573199999,0.0014,,,,,,,,,,,,,,,,,,,,,,,,,,,,,,,,,,,,,,,,,,,,,,,,,,,,,,,,,,,,,,,,,,,,,,,,,,,,,,,,,,,,,,,,,,,,,,,,,,,,,,,,,,,,,,,,,,,,,,,,,,,,,,,,,,,,,,,,,,,,,,,
,,,,,,001,2024-06-24_19h50.16.765,thisExp,2023.2.3,Win32,3.763643207,64455cfdcc83f30266ad2345,66796a98503c9c6c81f1cb5d,6679bfc6fa32f0db46abd216,,,,,,,,,,,,,,,,,,,,,,,,,,,,,,,,,,,,,,,,,,,,,,,,,,,,,,,,,,,,,,,,,,,,,,,,,,,,,,,,,,,,,,,,,,,,,,,,,,,,,,,,,,,,,,,,,,,,,,,,,,,,,,,,,,,,,,,,,,,,,,,,,,,,,,,,,,,,,,,,,,,,,,,,,,,,,,,,,,,,,,,,,,,,,,,,,,,,,,,,,,,,,,,165.3309,167.8995,n,2.2706,0.002299999,,,,,,,,,,,,,,,,,,,,,,,,,,,,,,,,,,,,,,,,,,,,,,,,,,,,,,,,,,,,,,,,,,,,,,,,,,,,,,,,,,,,,,,,,,,,,,,,,,,,,,,,,,,,,,,,,,,,,,,,,,,,,,,,,,,,,,,,,,
,,,,,,001,2024-06-24_19h50.16.765,thisExp,2023.2.3,Win32,3.763643207,64455cfdcc83f30266ad2345,66796a98503c9c6c81f1cb5d,6679bfc6fa32f0db46abd216,,,,,,,,,,,,,,,,,,,,,,,,,,,,,,,,,,,,,,,,,,,,,,,,,,,,,,,,,,,,,,,,,,,,,,,,,,,,,,,,,,,,,,,,,,,,,,,,,,,,,,,,,,,,,,,,,,,,,,,,,,,,,,,,,,,,,,,,,,,,,,,,,,,,,,,,,,,,,,,,,,,,,,,,,,,,,,,,,,,,,,,,,,,,,,,,,,,,,,,,,,,,,,,,,,,,167.8996,170.0698,y,1.872,0.001300001,,,,,,,,,,,,,,,,,,,,,,,,,,,,,,,,,,,,,,,,,,,,,,,,,,,,,,,,,,,,,,,,,,,,,,,,,,,,,,,,,,,,,,,,,,,,,,,,,,,,,,,,,,,,,,,,,,,,,,,,,,,,,,,,,,,,,
,,,,,,001,2024-06-24_19h50.16.765,thisExp,2023.2.3,Win32,3.763643207,64455cfdcc83f30266ad2345,66796a98503c9c6c81f1cb5d,6679bfc6fa32f0db46abd216,,,,,,,,,,,,,,,,,,,,,,,,,,,,,,,,,,,,,,,,,,,,,,,,,,,,,,,,,,,,,,,,,,,,,,,,,,,,,,,,,,,,,,,,,,,,,,,,,,,,,,,,,,,,,,,,,,,,,,,,,,,,,,,,,,,,,,,,,,,,,,,,,,,,,,,,,,,,,,,,,,,,,,,,,,,,,,,,,,,,,,,,,,,,,,,,,,,,,,,,,,,,,,,,,,,,,,,,,170.07,171.7007,n,1.312,0.0015,,,,,,,,,,,,,,,,,,,,,,,,,,,,,,,,,,,,,,,,,,,,,,,,,,,,,,,,,,,,,,,,,,,,,,,,,,,,,,,,,,,,,,,,,,,,,,,,,,,,,,,,,,,,,,,,,,,,,,,,,,,,,,,,
,,,,,,001,2024-06-24_19h50.16.765,thisExp,2023.2.3,Win32,3.763643207,64455cfdcc83f30266ad2345,66796a98503c9c6c81f1cb5d,6679bfc6fa32f0db46abd216,,,,,,,,,,,,,,,,,,,,,,,,,,,,,,,,,,,,,,,,,,,,,,,,,,,,,,,,,,,,,,,,,,,,,,,,,,,,,,,,,,,,,,,,,,,,,,,,,,,,,,,,,,,,,,,,,,,,,,,,,,,,,,,,,,,,,,,,,,,,,,,,,,,,,,,,,,,,,,,,,,,,,,,,,,,,,,,,,,,,,,,,,,,,,,,,,,,,,,,,,,,,,,,,,,,,,,,,,,,,,,171.701,174.2402,n,2.246,0.0011,,,,,,,,,,,,,,,,,,,,,,,,,,,,,,,,,,,,,,,,,,,,,,,,,,,,,,,,,,,,,,,,,,,,,,,,,,,,,,,,,,,,,,,,,,,,,,,,,,,,,,,,,,,,,,,,,,,,,,,,,,,
,,,,,,001,2024-06-24_19h50.16.765,thisExp,2023.2.3,Win32,3.763643207,64455cfdcc83f30266ad2345,66796a98503c9c6c81f1cb5d,6679bfc6fa32f0db46abd216,,,,,,,,,,,,,,,,,,,,,,,,,,,,,,,,,,,,,,,,,,,,,,,,,,,,,,,,,,,,,,,,,,,,,,,,,,,,,,,,,,,,,,,,,,,,,,,,,,,,,,,,,,,,,,,,,,,,,,,,,,,,,,,,,,,,,,,,,,,,,,,,,,,,,,,,,,,,,,,,,,,,,,,,,,,,,,,,,,,,,,,,,,,,,,,,,,,,,,,,,,,,,,,,,,,,,,,,,,,,,,,,,,,174.2405,179.0623,,,,,,,,,,,,,,,,,,,,,,,,,,,,,,,,,,,,,,,,,,,,,,,,,,,,,,,,,,,,,,,,,,,,,,,,,,,,,,,,,,,,,,,,,,,,,,,,,,,,,,,,,,,,,,,,,,,,,,,,,
,,,,,,001,2024-06-24_19h50.16.765,thisExp,2023.2.3,Win32,3.763643207,64455cfdcc83f30266ad2345,66796a98503c9c6c81f1cb5d,6679bfc6fa32f0db46abd216,,,,,,,,,,,,,,,,,,,,,,,,,,,,,,,,,,,,,,,,,,,,,,,,,,,,,,,,,,,,,,,,,,,,,,,,,,,,,,,,,,,,,,,,,,,,,,,,,,,,,,,,,,,,,,,,,,,,,,,,,,,,,,,,,,,,,,,,,,,,,,,,,,,,,,,,,,,,,,,,,,,,,,,,,,,,,,,,,,,,,,,,,,,,,,,,,,,,,,,,,,,,,,,,,,,,,,,,,,,,,,,,,,,,,179.0626,183.4445,4,4.0534,0.0014,,,,,,,,,,,,,,,,,,,,,,,,,,,,,,,,,,,,,,,,,,,,,,,,,,,,,,,,,,,,,,,,,,,,,,,,,,,,,,,,,,,,,,,,,,,,,,,,,,,,,,,,,,,,,,,,,,,,
,,,,,,001,2024-06-24_19h50.16.765,thisExp,2023.2.3,Win32,3.763643207,64455cfdcc83f30266ad2345,66796a98503c9c6c81f1cb5d,6679bfc6fa32f0db46abd216,,,,,,,,,,,,,,,,,,,,,,,,,,,,,,,,,,,,,,,,,,,,,,,,,,,,,,,,,,,,,,,,,,,,,,,,,,,,,,,,,,,,,,,,,,,,,,,,,,,,,,,,,,,,,,,,,,,,,,,,,,,,,,,,,,,,,,,,,,,,,,,,,,,,,,,,,,,,,,,,,,,,,,,,,,,,,,,,,,,,,,,,,,,,,,,,,,,,,,,,,,,,,,,,,,,,,,,,,,,,,,,,,,,,,,,,,,183.4447,185.3158,2,1.5754,0.001200001,,,,,,,,,,,,,,,,,,,,,,,,,,,,,,,,,,,,,,,,,,,,,,,,,,,,,,,,,,,,,,,,,,,,,,,,,,,,,,,,,,,,,,,,,,,,,,,,,,,,,,,,,,,,,,,
,,,,,,001,2024-06-24_19h50.16.765,thisExp,2023.2.3,Win32,3.763643207,64455cfdcc83f30266ad2345,66796a98503c9c6c81f1cb5d,6679bfc6fa32f0db46abd216,,,,,,,,,,,,,,,,,,,,,,,,,,,,,,,,,,,,,,,,,,,,,,,,,,,,,,,,,,,,,,,,,,,,,,,,,,,,,,,,,,,,,,,,,,,,,,,,,,,,,,,,,,,,,,,,,,,,,,,,,,,,,,,,,,,,,,,,,,,,,,,,,,,,,,,,,,,,,,,,,,,,,,,,,,,,,,,,,,,,,,,,,,,,,,,,,,,,,,,,,,,,,,,,,,,,,,,,,,,,,,,,,,,,,,,,,,,,,,,185.3162,187.2462,3,1.633,0.001300001,,,,,,,,,,,,,,,,,,,,,,,,,,,,,,,,,,,,,,,,,,,,,,,,,,,,,,,,,,,,,,,,,,,,,,,,,,,,,,,,,,,,,,,,,,,,,,,,,,,,,,,,,,
,,,,,,001,2024-06-24_19h50.16.765,thisExp,2023.2.3,Win32,3.763643207,64455cfdcc83f30266ad2345,66796a98503c9c6c81f1cb5d,6679bfc6fa32f0db46abd216,,,,,,,,,,,,,,,,,,,,,,,,,,,,,,,,,,,,,,,,,,,,,,,,,,,,,,,,,,,,,,,,,,,,,,,,,,,,,,,,,,,,,,,,,,,,,,,,,,,,,,,,,,,,,,,,,,,,,,,,,,,,,,,,,,,,,,,,,,,,,,,,,,,,,,,,,,,,,,,,,,,,,,,,,,,,,,,,,,,,,,,,,,,,,,,,,,,,,,,,,,,,,,,,,,,,,,,,,,,,,,,,,,,,,,,,,,,,,,,,,,,,187.2464,188.5131,3,0.9709,0.001700001,,,,,,,,,,,,,,,,,,,,,,,,,,,,,,,,,,,,,,,,,,,,,,,,,,,,,,,,,,,,,,,,,,,,,,,,,,,,,,,,,,,,,,,,,,,,,,,,,,,,,
,,,,,,001,2024-06-24_19h50.16.765,thisExp,2023.2.3,Win32,3.763643207,64455cfdcc83f30266ad2345,66796a98503c9c6c81f1cb5d,6679bfc6fa32f0db46abd216,,,,,,,,,,,,,,,,,,,,,,,,,,,,,,,,,,,,,,,,,,,,,,,,,,,,,,,,,,,,,,,,,,,,,,,,,,,,,,,,,,,,,,,,,,,,,,,,,,,,,,,,,,,,,,,,,,,,,,,,,,,,,,,,,,,,,,,,,,,,,,,,,,,,,,,,,,,,,,,,,,,,,,,,,,,,,,,,,,,,,,,,,,,,,,,,,,,,,,,,,,,,,,,,,,,,,,,,,,,,,,,,,,,,,,,,,,,,,,,,,,,,,,,,,188.5134,189.7484,2,0.940900002,,,,,,,,,,,,,,,,,,,,,,,,,,,,,,,,,,,,,,,,,,,,,,,,,,,,,,,,,,,,,,,,,,,,,,,,,,,,,,,,,,,,,,,,,,,,,,,,,
,,,,,,001,2024-06-24_19h50.16.765,thisExp,2023.2.3,Win32,3.763643207,64455cfdcc83f30266ad2345,66796a98503c9c6c81f1cb5d,6679bfc6fa32f0db46abd216,,,,,,,,,,,,,,,,,,,,,,,,,,,,,,,,,,,,,,,,,,,,,,,,,,,,,,,,,,,,,,,,,,,,,,,,,,,,,,,,,,,,,,,,,,,,,,,,,,,,,,,,,,,,,,,,,,,,,,,,,,,,,,,,,,,,,,,,,,,,,,,,,,,,,,,,,,,,,,,,,,,,,,,,,,,,,,,,,,,,,,,,,,,,,,,,,,,,,,,,,,,,,,,,,,,,,,,,,,,,,,,,,,,,,,,,,,,,,,,,,,,,,,,,,,,,,,189.7488,191.2986,3,1.2586,0.0014,,,,,,,,,,,,,,,,,,,,,,,,,,,,,,,,,,,,,,,,,,,,,,,,,,,,,,,,,,,,,,,,,,,,,,,,,,,,,,,,,,,,,,,,,,,
,,,,,,001,2024-06-24_19h50.16.765,thisExp,2023.2.3,Win32,3.763643207,64455cfdcc83f30266ad2345,66796a98503c9c6c81f1cb5d,6679bfc6fa32f0db46abd216,,,,,,,,,,,,,,,,,,,,,,,,,,,,,,,,,,,,,,,,,,,,,,,,,,,,,,,,,,,,,,,,,,,,,,,,,,,,,,,,,,,,,,,,,,,,,,,,,,,,,,,,,,,,,,,,,,,,,,,,,,,,,,,,,,,,,,,,,,,,,,,,,,,,,,,,,,,,,,,,,,,,,,,,,,,,,,,,,,,,,,,,,,,,,,,,,,,,,,,,,,,,,,,,,,,,,,,,,,,,,,,,,,,,,,,,,,,,,,,,,,,,,,,,,,,,,,,,,,,191.2989,192.5296,3,0.937599998,0.0015,,,,,,,,,,,,,,,,,,,,,,,,,,,,,,,,,,,,,,,,,,,,,,,,,,,,,,,,,,,,,,,,,,,,,,,,,,,,,,,,,,,,,,
,,,,,,001,2024-06-24_19h50.16.765,thisExp,2023.2.3,Win32,3.763643207,64455cfdcc83f30266ad2345,66796a98503c9c6c81f1cb5d,6679bfc6fa32f0db46abd216,,,,,,,,,,,,,,,,,,,,,,,,,,,,,,,,,,,,,,,,,,,,,,,,,,,,,,,,,,,,,,,,,,,,,,,,,,,,,,,,,,,,,,,,,,,,,,,,,,,,,,,,,,,,,,,,,,,,,,,,,,,,,,,,,,,,,,,,,,,,,,,,,,,,,,,,,,,,,,,,,,,,,,,,,,,,,,,,,,,,,,,,,,,,,,,,,,,,,,,,,,,,,,,,,,,,,,,,,,,,,,,,,,,,,,,,,,,,,,,,,,,,,,,,,,,,,,,,,,,,,,,,192.5299,195.6437,3,2.821200001,0.0015,,,,,,,,,,,,,,,,,,,,,,,,,,,,,,,,,,,,,,,,,,,,,,,,,,,,,,,,,,,,,,,,,,,,,,,,,,,,,,,,,
,,,,,,001,2024-06-24_19h50.16.765,thisExp,2023.2.3,Win32,3.763643207,64455cfdcc83f30266ad2345,66796a98503c9c6c81f1cb5d,6679bfc6fa32f0db46abd216,,,,,,,,,,,,,,,,,,,,,,,,,,,,,,,,,,,,,,,,,,,,,,,,,,,,,,,,,,,,,,,,,,,,,,,,,,,,,,,,,,,,,,,,,,,,,,,,,,,,,,,,,,,,,,,,,,,,,,,,,,,,,,,,,,,,,,,,,,,,,,,,,,,,,,,,,,,,,,,,,,,,,,,,,,,,,,,,,,,,,,,,,,,,,,,,,,,,,,,,,,,,,,,,,,,,,,,,,,,,,,,,,,,,,,,,,,,,,,,,,,,,,,,,,,,,,,,,,,,,,,,,,,,,,195.644,197.1891,3,1.251700001,0.0014,,,,,,,,,,,,,,,,,,,,,,,,,,,,,,,,,,,,,,,,,,,,,,,,,,,,,,,,,,,,,,,,,,,,,,,,,,,,
,,,,,,001,2024-06-24_19h50.16.765,thisExp,2023.2.3,Win32,3.763643207,64455cfdcc83f30266ad2345,66796a98503c9c6c81f1cb5d,6679bfc6fa32f0db46abd216,,,,,,,,,,,,,,,,,,,,,,,,,,,,,,,,,,,,,,,,,,,,,,,,,,,,,,,,,,,,,,,,,,,,,,,,,,,,,,,,,,,,,,,,,,,,,,,,,,,,,,,,,,,,,,,,,,,,,,,,,,,,,,,,,,,,,,,,,,,,,,,,,,,,,,,,,,,,,,,,,,,,,,,,,,,,,,,,,,,,,,,,,,,,,,,,,,,,,,,,,,,,,,,,,,,,,,,,,,,,,,,,,,,,,,,,,,,,,,,,,,,,,,,,,,,,,,,,,,,,,,,,,,,,,,,,,,197.1892,198.4282,3,0.949700001,0.0014,,,,,,,,,,,,,,,,,,,,,,,,,,,,,,,,,,,,,,,,,,,,,,,,,,,,,,,,,,,,,,,,,,,,,,,
,,,,,,001,2024-06-24_19h50.16.765,thisExp,2023.2.3,Win32,3.763643207,64455cfdcc83f30266ad2345,66796a98503c9c6c81f1cb5d,6679bfc6fa32f0db46abd216,,,,,,,,,,,,,,,,,,,,,,,,,,,,,,,,,,,,,,,,,,,,,,,,,,,,,,,,,,,,,,,,,,,,,,,,,,,,,,,,,,,,,,,,,,,,,,,,,,,,,,,,,,,,,,,,,,,,,,,,,,,,,,,,,,,,,,,,,,,,,,,,,,,,,,,,,,,,,,,,,,,,,,,,,,,,,,,,,,,,,,,,,,,,,,,,,,,,,,,,,,,,,,,,,,,,,,,,,,,,,,,,,,,,,,,,,,,,,,,,,,,,,,,,,,,,,,,,,,,,,,,,,,,,,,,,,,,,,,,198.4779,212.4803,212.4806,215.587,215.5872,219.4459,219.4461,220.1773,220.2103,248.4991,1,27.644,0.001199999,248.4993,249.8428,249.8431,250.7392,0,0,0,1,1,planet.png,planet.png,basket.png,,,,,,,,,,,,,,,,,,,,,,,,,,,,,,,,,,,,,,,,,,,,,,
,,,,,,001,2024-06-24_19h50.16.765,thisExp,2023.2.3,Win32,3.763643207,64455cfdcc83f30266ad2345,66796a98503c9c6c81f1cb5d,6679bfc6fa32f0db46abd216,,,,,,,,,,,,,,,,,,,,,,,,,,,,,,,,,,,,,,,,,,,,,,,,,,,,,,,,,,,,,,,,,,,,,,,,,,,,,,,,,,,,,,,,,,,,,,,,,,,,,,,,,,,,,,,,,,,,,,,,,,,,,,,,,,,,,,,,,,,,,,,,,,,,,,,,,,,,,,,,,,,,,,,,,,,,,,,,,,,,,,,,,,,,,,,,,,,,,,,,,,,,,,,,,,,,,,,,,,,,,,,,,,,,,,,,,,,,,,,,,,,,,,,,,,,,,,,,,,,,,,,,,,,,,,,,,,,,,,,,,,,,,,,250.74,328.8718,1,77.49,0.001299999,328.8719,330.1893,330.1894,331.1073,0,1,1,0,1,planet.png,planet.png,basket.png,,,,,,,,,,,,,,,,,,,,,,,,,,,,,,,,,,,,,,,,,,,,,,
,,,,,,001,2024-06-24_19h50.16.765,thisExp,2023.2.3,Win32,3.763643207,64455cfdcc83f30266ad2345,66796a98503c9c6c81f1cb5d,6679bfc6fa32f0db46abd216,,,,,,,,,,,,,,,,,,,,,,,,,,,,,,,,,,,,,,,,,,,,,,,,,,,,,,,,,,,,,,,,,,,,,,,,,,,,,,,,,,,,,,,,,,,,,,,,,,,,,,,,,,,,,,,,,,,,,,,,,,,,,,,,,,,,,,,,,,,,,,,,,,,,,,,,,,,,,,,,,,,,,,,,,,,,,,,,,,,,,,,,,,,,,,,,,,,,,,,,,,,,,,,,,,,,,,,,,,,,,,,,,,,,,,,,,,,,,,,,,,,,,,,,,,,,,,,,,,,,,,,,,,,,,,,,,,,,,,,,,,,,,,,,,,,,,,,,,,,,,,,,331.112,336.3112,a,1,4.8204,0.0009,336.3302,337.2419,0,0,0,0,1,,,,,,,,,,,,,,,,,,,,,,,,,,,,,,,,,
,,,,,,001,2024-06-24_19h50.16.765,thisExp,2023.2.3,Win32,3.763643207,64455cfdcc83f30266ad2345,66796a98503c9c6c81f1cb5d,6679bfc6fa32f0db46abd216,,,,,,,,,,,,,,,,,,,,,,,,,,,,,,,,,,,,,,,,,,,,,,,,,,,,,,,,,,,,,,,,,,,,,,,,,,,,,,,,,,,,,,,,,,,,,,,,,,,,,,,,,,,,,,,,,,,,,,,,,,,,,,,,,,,,,,,,,,,,,,,,,,,,,,,,,,,,,,,,,,,,,,,,,,,,,,,,,,,,,,,,,,,,,,,,,,,,,,,,,,,,,,,,,,,,,,,,,,,,,,,,,,,,,,,,,,,,,,,,,,,,,,,,,,,,,,,,,,,,,,,,,,,,,,,,,,,,,,,,,,,,,,,,,,,,,,,,,,,,,,,,,,,,,,,,,,,,,337.2425,447.7372,space,110.0598,0.001200001,447.7375,646.7831,d,198.6347,0.001,646.7834,647.1326,a,0.016800001,0.001099998,647.1329,1251.5278,a,604.0361,0.001299999,1251.528,1252.2899,d,0.376200001,0.002299999,1252.2901,1253.595,0,0,0,0,1,
,,,,,,001,2024-06-24_19h50.16.765,thisExp,2023.2.3,Win32,3.763643207,64455cfdcc83f30266ad2345,66796a98503c9c6c81f1cb5d,6679bfc6fa32f0db46abd216,,,,,,,,,,,,,,,,,,,,,,,,,,,,,,,,,,,,,,,,,,,,,,,,,,,,,,,,,,,,,,,,,,,,,,,,,,,,,,,,,,,,,,,,,,,,,,,,,,,,,,,,,,,,,,,,,,,,,,,,,,,,,,,,,,,,,,,,,,,,,,,,,,,,,,,,,,,,,,,,,,,,,,,,,,,,,,,,,,,,,,,,,,,,,,,,,,,,,,,,,,,,,,,,,,,,,,,,,,,,,,,,,,,,,,,,,,,,,,,,,,,,,,,,,,,,,,,,,,,,,,,,,,,,,,,,,,,,,,,1253.6221,1254.4215,1254.4215,1257.3422,1257.3423,1258.4334,1258.4335,1259.5282,1259.5637,1380.7557,1,120.5307,,1380.7558,1382.1339,1382.1341,1383.1006,0,0,0,1,1,planet.png,planet.png,basket.png,,,,,,,,,,,,,,,,,,,,,,,,,,,,,,,,,,,,,,,,,,,,,,
,,,,,,001,2024-06-24_19h50.16.765,thisExp,2023.2.3,Win32,3.763643207,64455cfdcc83f30266ad2345,66796a98503c9c6c81f1cb5d,6679bfc6fa32f0db46abd216,,,,,,,,,,,,,,,,,,,,,,,,,,,,,,,,,,,,,,,,,,,,,,,,,,,,,,,,,,,,,,,,,,,,,,,,,,,,,,,,,,,,,,,,,,,,,,,,,,,,,,,,,,,,,,,,,,,,,,,,,,,,,,,,,,,,,,,,,,,,,,,,,,,,,,,,,,,,,,,,,,,,,,,,,,,,,,,,,,,,,,,,,,,,,,,,,,,,,,,,,,,,,,,,,,,,,,,,,,,,,,,,,,,,,,,,,,,,,,,,,,,,,,,,,,,,,,,,,,,,,,,,,,,,,,,,,,,,,,,,,,,,,,,1383.1016,1384.5197,1,0.714599998,,1384.5199,1385.9057,1385.9059,1386.9218,0,1,1,0,1,planet.png,planet.png,basket.png,,,,,,,,,,,,,,,,,,,,,,,,,,,,,,,,,,,,,,,,,,,,,,
,,,,,,001,2024-06-24_19h50.16.765,thisExp,2023.2.3,Win32,3.763643207,64455cfdcc83f30266ad2345,66796a98503c9c6c81f1cb5d,6679bfc6fa32f0db46abd216,,,,,,,,,,,,,,,,,,,,,,,,,,,,,,,,,,,,,,,,,,,,,,,,,,,,,,,,,,,,,,,,,,,,,,,,,,,,,,,,,,,,,,,,,,,,,,,,,,,,,,,,,,,,,,,,,,,,,,,,,,,,,,,,,,,,,,,,,,,,,,,,,,,,,,,,,,,,,,,,,,,,,,,,,,,,,,,,,,,,,,,,,,,,,,,,,,,,,,,,,,,,,,,,,,,,,,,,,,,,,,,,,,,,,,,,,,,,,,,,,,,,,,,,,,,,,,,,,,,,,,,,,,,,,,,,,,,,,,,,,,,,,,,,,,,,,,,,,,,,,,,,1386.9221,1389.0405,a,1,1.7545,0.001,1389.0457,1389.9746,0,0,0,0,1,,,,,,,,,,,,,,,,,,,,,,,,,,,,,,,,,
,,,,,,001,2024-06-24_19h50.16.765,thisExp,2023.2.3,Win32,3.763643207,64455cfdcc83f30266ad2345,66796a98503c9c6c81f1cb5d,6679bfc6fa32f0db46abd216,,,,,,,,,,,,,,,,,,,,,,,,,,,,,,,,,,,,,,,,,,,,,,,,,,,,,,,,,,,,,,,,,,,,,,,,,,,,,,,,,,,,,,,,,,,,,,,,,,,,,,,,,,,,,,,,,,,,,,,,,,,,,,,,,,,,,,,,,,,,,,,,,,,,,,,,,,,,,,,,,,,,,,,,,,,,,,,,,,,,,,,,,,,,,,,,,,,,,,,,,,,,,,,,,,,,,,,,,,,,,,,,,,,,,,,,,,,,,,,,,,,,,,,,,,,,,,,,,,,,,,,,,,,,,,,,,,,,,,,,,,,,,,,,,,,,,,,,,,,,,,,,,,,,,,,,,,,,,1389.9749,1511.9503,space,121.6088,0.001300001,1511.9504,1539.3837,a,27.1014,,1539.3839,1539.735,a,0.0226,0.001299999,1539.7351,,,,,,,,,,,,1,0,1,0,1,499